Column1,SEQUENCE,TASTE
0,RKE,1
1,VAV,1
2,KGDEESLA,1
3,SAEQK,1
4,CM,1
5,DG,1
6,DE,1
7,EEL,1
8,LVG,1
9,SLAKGDEE,1
10,DD,1
11,VGG,1
12,EEE,1
13,LSERYP,1
14,GCG,1
15,AHSVRFY,1
16,EEEQ,1
17,YGGTPPFV,1
18,EN,1
19,LPEEV,1
20,ASNMSDL,1
21,EINEL,1
22,EE,1
23,SE,1
24,GDG,1
25,VDV,1
26,PVARMCR,1
27,VTADESQQDVLK,1
28,VV,1
29,DPQ,1
30,EQEEL,1
31,HCHTN,1
32,VVGET,1
33,NVVGET,1
34,ENINEL,1
35,SF,1
36,LV,1
37,DEE,1
38,EA,1
39,INEL,1
40,SEE,1
41,AQALQAQA,1
42,LQPLNAH,1
43,KGRYER,1
44,GLLPDGTPR,1
45,DES,1
46,PDKPNT,1
47,EGS,1
48,EP,1
49,CCNKSV,1
50,LGAGGSLA,1
51,QVAIAHRDAK,1
52,DQR,1
53,ALPEEV,1
54,GGY,1
55,EQQQQ,1
56,VE,1
57,SPE,1
58,ET,1
59,ENE,1
60,VD,1
61,PET,1
62,KGNEESLA,1
63,EDV,1
64,DA,1
65,ANPGPVRDLR,1
66,QL,1
67,RGENESDEQGAIVT,1
68,EG,1
69,AE,1
70,NNP,1
71,VRSY,1
72,LDL,1
73,RPNPFENR,1
74,NGKET,1
75,EK,1
76,SSRNEQSR,1
77,EQE,1
78,RGENESEEEGAIVT,1
79,DDD,1
80,EGSEAPDGSSR,1
81,NRTF,1
82,PE,1
83,NY,1
84,KGSLADEE,1
85,VPY,1
86,EL,1
87,EY,1
88,RPLGNC,1
89,VLPTDQNFILR,1
90,DDE,1
91,VEV,1
92,RL,1
93,SLADEEKG,1
94,ADE,1
95,KG,1
96,EDD,1
97,ADA,1
98,EDF,1
99,TE,1
100,QEEL,1
101,ES,1
102,GEG,1
103,PAA,1
104,EDE,1
105,EEDGK,1
106,AD,1
107,VDR,1
108,DDDD,1
109,GE,1
110,ED,1
111,TLRRCM,1
140,EQPQQNE,0
141,QDKIHPFAQTQSLVYPFPGP,0
142,GRP,0
143,FGG,0
144,LAGNQEEE,0
145,APK,0
146,KPF,0
147,GGLGG,0
148,PGI,0
149,AF,0
150,YY,0
151,IG,0
152,FGGF,0
153,RPGFF,0
154,FGF,0
155,QSKVLPVPQ,0
156,GNPDIEHP,0
157,VYPFPPGIGG,0
158,GF,0
159,IV,0
160,RG,0
161,FLL,0
162,GPPF,0
163,FYPELF,0
164,KLHENIAR,0
165,GPG,0
166,LA,0
167,YYY,0
168,LGGGG,0
169,GGP,0
170,YL,0
171,QLFGPNVNPWHNP,0
172,RGPPFFF,0
173,RGPPF,0
174,VIFPPGR,0
175,PK,0
176,YGG,0
177,VVVPPFLQP,0
178,VL,0
179,YPFPGPIHNS,0
180,GGRPFF,0
181,YQEPVLGPVRGPFPI,0
182,PFPGPIP,0
183,PPF,0
184,AQTQSLVYPFPGPIPNSLPQNIPPLTQ,0
185,RRPPPFFF,0
186,RGPGPIIV,0
187,RGPPFI,0
188,RPF,0
189,YG,0
190,ALEPDHR,0
191,VPPFLE,0
192,RPGGFF,0
193,PGPGPG,0
194,GGF,0
195,VIPFPGR,0
196,LGL,0
197,RPFG,0
198,LL,0
199,FF,0
200,RP,0
201,QLFGPNVNPWHNP,0
202,KPK,0
203,RGPPGFF,0
204,AV,0
205,PVLGPVRGPFPIIV,0
206,VYPFPPGI,0
207,YQEPVLGPVRGPFPIIV,0
208,RGPPGGFF,0
209,RGPEPIIV,0
210,RGPPFIIV,0
211,QPVLGPVRGPFPIIV,0
212,GY,0
213,VIF,0
214,DY,0
215,VYPFPPGINH,0
216,RPKHPIKHQ,0
217,EPAD,0
218,FG,0
219,SL,0
220,MPFPKYPVEPF,0
221,QLFNPSTNPWHSP,0
222,GPVRGPFPIIV,0
223,YQQPVLGPVRGPFPI,0
224,RRPPGF,0
225,YQQPVLGPVRGPFPII,0
226,RGFF,0
227,VVVPPFL,0
228,YPFPGPI,0
229,KAVPYPPQ,0
230,VPLGTQYTDAPSF,0
231,QLFNPSTNP,0
232,APFPEVFG,0
233,PL,0
234,LF,0
235,QNDKIHPFAQTQSLVYPFGPIP,0
236,PG,0
237,FPF,0
238,LRL,0
239,FFG,0
240,PI,0
241,QLFNPS,0
242,GP,0
243,PGPIP,0
244,LI,0
245,FIV,0
246,GPFPII,0
247,LG,0
248,PF,0
249,GGGLG,0
250,GFF,0
251,GGV,0
252,GV,0
253,YGY,0
254,RGPPGIG,0
255,VYPF,0
256,SAEFG,0
257,YLGYLEQLLR,0
258,RGPPGGGFF,0
259,YF,0
260,YEGNS,0
261,GGRGPPFIV,0
262,IT,0
263,FY,0
264,QQPVLGPVRGPFPI,0
265,PFPGPI,0
266,GL,0
267,VYP,0
268,AYFYPEL,0
269,FL,0
270,GPFPVI,0
271,NFNNQLDQQTPR,0
272,RRR,0
273,PFP,0
274,FFPP,0
275,ELL,0
276,LVYPFPGPIHN,0
277,GLGG,0
278,LGG,0
279,RGPFPIIV,0
280,TDVENLHLPPLL,0
281,FPP,0
282,WE,0
283,SLA,0
284,PFIV,0
285,GLY,0
286,LGGG,0
287,VI,0
288,PPFIV,0
289,VYPFPPIGNH,0
290,RGP,0
291,GGFFGG,0
292,GR,0
293,GGL,0
294,GPFF,0
295,RGPPGF,0
296,EQGGEQG,0
297,RPFFGG,0
298,IK,0
299,KPPFIV,0
300,IP,0
301,LY,0
302,VY,0
303,RGPPFIV,0
304,IQ,0
305,IW,0
306,RPG,0
307,WF,0
308,RGPFIV,0
309,LRP,0
310,PPP,0
311,RRPFF,0
312,EEN,0
313,YPF,0
314,WW,0
315,FV,0
316,PA,0
317,PPG,0
318,GGGGL,0
319,FALPQYLK,0
320,GKHQQEEENEGG,0
321,GVV,0
322,PGR,0
323,FW,0
324,GGGL,0
325,LD,0
326,GGRPFFGG,0
327,GLG,0
328,VIFPPG,0
329,IF,0
331,FFPGG,0
332,GPFPIIV,0
333,VYPFPPG,0
334,RGPPGGV,0
335,GLL,0
336,RGPPFF,0
337,RPPPFFF,0
338,NALPE,0
339,FPPFIV,0
340,RPFFRPFFRPFF,0
341,GGRGPPFIVGG,0
342,YLEQLLR,0
343,EVLN,0
344,EGG,0
345,LW,0
346,LLL,0
347,GGVVV,0
348,GGFF,0
349,NNEDT,0
350,QLFNPSTNPWHSP,0
351,MAPKHKEMPFPKYPVEPF,0
352,KF,0
353,NLQG,0
354,FPK,0
355,RGPFPIV,0
356,RPFF,0
357,IGTLAGA,0
358,EI,0
359,APFPEVF,0
360,PP,0
361,PVRGPFPIIV,0
362,FFVAPFPEVFGK,0
363,FP,0
364,IL,0
365,PVLGPV,0
366,FFPR,0
367,RRPPFF,0
368,VVYPWTQRF,0
369,GYG,0
370,PY,0
371,RGPPFGG,0
372,YYG,0
373,GFG,0
374,YP,0
375,LLLL,0
376,GYY,0
377,RPFFRPFF,0
378,IE,0
379,IS,0
380,VA,0
